insert into menu(url,name) values
("","Home");
insert into menu(url,name) values
("","Product");
insert into menu(url,name) values
("","Compare");
insert into menu(url,name) values
("","Shopping Cart");
insert into menu(url,name) values
("","Content");
insert into menu(url,name) values
("","Contact");


insert into slide(caption,content,img) values
("2016","Dream-Vu Cat Tuong","dream.jpg");
insert into slide(caption,content,img) values
("2021","Tim Hanh Tinh Khac-Vu Cat Tuong","findplanet.jpg");
insert into slide(caption,content,img) values
("2018","If-Vu Cat Tuong","if.jpg");
insert into slide(caption,content,img) values
("2020","Hanh Tinh Anh Sang-Vu Cat Tuong","planet.jpg");
insert into slide(caption,content,img) values
("2019","Co Nguoi-Vu Cat Tuong","someone.jpg");


INSERT INTO `category` (`id`, `name`, `description`) VALUES
(1, 'Watch', NULL),
(2, 'Bracelet', NULL),
(3, 'Hand Bag', NULL),
(4, 'Necklace', NULL);

INSERT INTO `product` (`id`, `category_id`, `size`, `name`, `price`, `sale`, `title`, `high_light`, `new_product`, `detail`, `created_at`, `updated_at`) VALUES
(1, 1, 'L,M,S', 'Manicure & Pedicure', '20000', 0, 'Nowadays the lingerie industry is one of the most successful business spheres. Nowadays the lingerie industry is one of ...', 1, 0, '<div class=\"tab-pane fade active in\" id=\"home\">\r\n			  <h4>Product Information</h4>\r\n                <table class=\"table table-striped\">\r\n				<tbody>\r\n				<tr class=\"techSpecRow\"><td class=\"techSpecTD1\">Color:</td><td class=\"techSpecTD2\">Black</td></tr>\r\n				<tr class=\"techSpecRow\"><td class=\"techSpecTD1\">Style:</td><td class=\"techSpecTD2\">Apparel,Sports</td></tr>\r\n				<tr class=\"techSpecRow\"><td class=\"techSpecTD1\">Season:</td><td class=\"techSpecTD2\">spring/summer</td></tr>\r\n				<tr class=\"techSpecRow\"><td class=\"techSpecTD1\">Usage:</td><td class=\"techSpecTD2\">fitness</td></tr>\r\n				<tr class=\"techSpecRow\"><td class=\"techSpecTD1\">Sport:</td><td class=\"techSpecTD2\">122855031</td></tr>\r\n				<tr class=\"techSpecRow\"><td class=\"techSpecTD1\">Brand:</td><td class=\"techSpecTD2\">Shock Absorber</td></tr>\r\n				</tbody>\r\n				</table>\r\n				<p>Raw denim you probably haven\'t heard of them jean shorts Austin. Nesciunt tofu stumptown aliqua, retro synth master cleanse. Mustache cliche tempor, williamsburg carles vegan helvetica. Reprehenderit butcher retro keffiyeh dreamcatcher synth. Cosby sweater eu banh mi, qui irure terry richardson ex squid. Aliquip placeat salvia cillum iphone. Seitan aliquip quis cardigan american apparel, butcher voluptate nisi qui.</p>\r\n				<p>Raw denim you probably haven\'t heard of them jean shorts Austin. Nesciunt tofu stumptown aliqua, retro synth master cleanse. Mustache cliche tempor, williamsburg carles vegan helvetica. Reprehenderit butcher retro keffiyeh dreamcatcher synth. Cosby sweater eu banh mi, qui irure terry richardson ex squid. Aliquip placeat salvia cillum iphone. Seitan aliquip quis cardigan american apparel, butcher voluptate nisi qui.</p>\r\n				<p>Raw denim you probably haven\'t heard of them jean shorts Austin. Nesciunt tofu stumptown aliqua, retro synth master cleanse. Mustache cliche tempor, williamsburg carles vegan helvetica. Reprehenderit butcher retro keffiyeh dreamcatcher synth. Cosby sweater eu banh mi, qui irure terry richardson ex squid. Aliquip placeat salvia cillum iphone. Seitan aliquip quis cardigan american apparel, butcher voluptate nisi qui.</p>\r\n				<p>Raw denim you probably haven\'t heard of them jean shorts Austin. Nesciunt tofu stumptown aliqua, retro synth master cleanse. Mustache cliche tempor, williamsburg carles vegan helvetica. Reprehenderit butcher retro keffiyeh dreamcatcher synth. Cosby sweater eu banh mi, qui irure terry richardson ex squid. Aliquip placeat salvia cillum iphone. Seitan aliquip quis cardigan american apparel, butcher voluptate nisi qui.</p>\r\n				<p>Raw denim you probably haven\'t heard of them jean shorts Austin. Nesciunt tofu stumptown aliqua, retro synth master cleanse. Mustache cliche tempor, williamsburg carles vegan helvetica. Reprehenderit butcher retro keffiyeh dreamcatcher synth. Cosby sweater eu banh mi, qui irure terry richardson ex squid. Aliquip placeat salvia cillum iphone. Seitan aliquip quis cardigan american apparel, butcher voluptate nisi qui.</p>\r\n				<p>Raw denim you probably haven\'t heard of them jean shorts Austin. Nesciunt tofu stumptown aliqua, retro synth master cleanse. Mustache cliche tempor, williamsburg carles vegan helvetica. Reprehenderit butcher retro keffiyeh dreamcatcher synth. Cosby sweater eu banh mi, qui irure terry richardson ex squid. Aliquip placeat salvia cillum iphone. Seitan aliquip quis cardigan american apparel, butcher voluptate nisi qui.</p>\r\n				<p>Raw denim you probably haven\'t heard of them jean shorts Austin. Nesciunt tofu stumptown aliqua, retro synth master cleanse. Mustache cliche tempor, williamsburg carles vegan helvetica. Reprehenderit butcher retro keffiyeh dreamcatcher synth. Cosby sweater eu banh mi, qui irure terry richardson ex squid. Aliquip placeat salvia cillum iphone. Seitan aliquip quis cardigan american apparel, butcher voluptate nisi qui.</p>\r\n				<p>Raw denim you probably haven\'t heard of them jean shorts Austin. Nesciunt tofu stumptown aliqua, retro synth master cleanse. Mustache cliche tempor, williamsburg carles vegan helvetica. Reprehenderit butcher retro keffiyeh dreamcatcher synth. Cosby sweater eu banh mi, qui irure terry richardson ex squid. Aliquip placeat salvia cillum iphone. Seitan aliquip quis cardigan american apparel, butcher voluptate nisi qui.</p>\r\n\r\n			</div>', '2020-04-09 11:38:43', '2020-04-09 11:47:31'),
(2, 2, 'L,S,M', 'Bracelect No 1', '200000', 0, 'tital', 0, 1, 'details', '2020-04-09 11:38:43', '2020-04-09 11:38:43'),
(3, 3, 'L,S,M', 'Hang Bag No 1', '200000', 0, 'tital', 1, 0, 'details', '2020-04-09 11:38:43', '2020-04-09 11:38:43'),
(4, 4, 'L,S,M', 'Necklace No 1', '200000', 0, 'tital', 1, 1, 'details', '2020-04-09 11:38:43', '2020-04-09 11:38:43'),
(5, 1, 'L,S,M', 'Watch No 2', '200000', 0, 'tital', 0, 0, 'details', '2020-04-09 11:38:43', '2020-04-09 11:38:43'),
(6, 2, 'L,S,M', 'Bracelect No 2', '200000', 0, 'tital', 1, 1, 'details', '2020-04-09 11:38:43', '2020-04-09 11:38:43'),
(7, 3, 'L,S,M', 'Hang Bag No 2', '200000', 0, 'tital', 0, 1, 'details', '2020-04-09 11:38:43', '2020-04-09 11:38:43'),
(8, 4, 'L,S,M', 'Necklace No 2', '200000', 0, 'tital', 1, 1, 'details', '2020-04-09 11:38:43', '2020-04-09 11:38:43'),
(9, 1, 'L,S,M', 'Watch No 3', '200000', 0, 'tital', 1, 0, 'details', '2020-04-09 11:38:43', '2020-04-09 11:38:43'),
(10, 2, 'L,S,M', 'Bracelect No 3', '200000', 0, 'tital', 1, 1, 'details', '2020-04-09 11:38:43', '2020-04-09 11:38:43'),
(11, 3, 'L,S,M', Hang Bag No 3', '200000', 0, 'tital', 1, 0, 'details', '2020-04-09 11:38:43', '2020-04-09 11:38:43'),
(12, 4, 'L,S,M', 'Necklace No 3', '200000', 0, 'tital', 0, 0, 'details', '2020-04-09 11:38:43', '2020-04-09 11:38:43'),
(13, 1, 'L,S,M', 'Watch No 4', '200000', 0, 'tital', 1, 0, 'details', '2020-04-09 11:38:43', '2020-04-09 11:38:43'),
(14, 2, 'L,S,M', 'Bracelect No 4', '200000', 0, 'tital', 1, 0, 'details', '2020-04-09 11:38:43', '2020-04-09 11:38:43'),
(15, 3, 'L,S,M', 'Hang Bag No 4', '200000', 0, 'tital', 0, 0, 'details', '2020-04-09 11:38:43', '2020-04-09 11:38:43'),
(16, 4, 'L,S,M', 'Necklace No 4', '200000', 0, 'tital', 1, 1, 'details', '2020-04-09 11:38:43', '2020-04-09 11:38:43'),
(17, 1, 'L,S,M', 'Watch No 5', '200000', 0, 'tital', 0, 1, 'details', '2020-04-09 11:38:43', '2020-04-09 11:38:43'),
(18, 2, 'L,S,M', 'Bracelect No 5', '200000', 0, 'tital', 1, 1, 'details', '2020-04-09 11:38:43', '2020-04-09 11:38:43'),
(19, 3, 'L,S,M', 'Hang Bag No 5', '200000', 0, 'tital', 0, 0, 'details', '2020-04-09 11:38:43', '2020-04-09 11:38:43'),
(20, 4, 'L,S,M', 'Necklace No 5', '200000', 0, 'tital', 1, 0, 'details', '2020-04-09 11:38:43', '2020-04-09 11:38:43'),
(21, 1, 'L,S,M', 'Watch No 6', '200000', 0, 'tital', 1, 0, 'details', '2020-04-09 11:38:43', '2020-04-09 11:38:43'),
(22, 2, 'L,S,M', 'Bracelect No 6', '200000', 0, 'tital', 0, 0, 'details', '2020-04-09 11:38:43', '2020-04-09 11:38:43'),
(23, 3, 'L,S,M', 'Hang Bag No 6', '200000', 0, 'tital', 1, 1, 'details', '2020-04-09 11:38:43', '2020-04-09 11:38:43'),
(24, 4, 'L,S,M', 'Necklace No 6', '200000', 0, 'tital', 1, 1, 'details', '2020-04-09 11:38:43', '2020-04-09 11:38:43'),
(25, 1, 'L,S,M', 'Watch No 7', '200000', 0, 'tital', 0, 1, 'details', '2020-04-09 11:38:43', '2020-04-09 11:38:43'),
(26, 2, 'L,S,M', 'Bracelect No 7', '200000', 0, 'tital', 1, 0, 'details', '2020-04-09 11:38:43', '2020-04-09 11:38:43'),
(27, 3, 'L,S,M', 'Hang Bag No 7', '200000', 0, 'tital', 1, 0, 'details', '2020-04-09 11:38:43', '2020-04-09 11:38:43'),
(28, 4, 'L,S,M', 'Necklace No 7', '200000', 0, 'tital', 0, 1, 'details', '2020-04-09 11:38:43', '2020-04-09 11:38:43');



INSERT INTO `color` (`id`, `product_id`, `name`, `code`, `img`) VALUES
(1, 1, 'Vàng', '#FFFF00' , 'watch2.jpg'),
(2, 1, 'Xanh', '#FFFF00', 'watch13.jpg'),
(3, 2, 'Vàng', '#FFFF00', 'bra1.jpg'),
(4, 2, 'Xanh', '#FFFF00', 'bra6.jpg'),
(5, 5, 'Vàng', '#FFFF00', 'watch7.jpg'),
(6, 6, 'Vàng', '#FFFF00', 'bra2.jpg'),
(7, 7, 'Vàng', '#FFFF00', 'hang2.jpg'),
(8, 8, 'Vàng', '#FFFF00', 'necklace1.jpg'),
(9, 9, 'Vàng', '#FFFF00', 'watch6.jpg'),
(10, 10, 'Vàng', '#FFFF00', 'bra5.jpg'),
(11, 11, 'Vàng', '#FFFF00', 'hang9.jpg'),
(12, 12, 'Vàng', '#FFFF00', 'necklace2.png'),
(13, 13, 'Vàng', '#FFFF00', 'watch7.jpg'),
(14, 14, 'Vàng', '#FFFF00', 'bra4.jpg'),
(15, 15, 'Vàng', '#FFFF00', 'hang5.jpg'),
(16, 16, 'Vàng', '#FFFF00', 'necklace3.jpg'),
(17, 17, 'Vàng', '#FFFF00', 'watch4.jpg'),
(18, 18, 'Vàng', '#FFFF00', 'bra5.jpg'),
(19, 19, 'Vàng', '#FFFF00', 'hang8.webp'),
(20, 20, 'Vàng', '#FFFF00', 'necklace1.jpg'),
(21, 21, 'Vàng', '#FFFF00', 'watch9.jpg'),
(22, 22, 'Vàng', '#FFFF00', 'bra7.jpg'),
(23, 23, 'Vàng', '#FFFF00', 'hang10.webp'),
(24, 24, 'Vàng', '#FFFF00', 'necklace5.jpg'),
(25, 25, 'Vàng', '#FFFF00', 'watch4.jpg');